Date,Open,High,Low,Close,Volume
2023-12-06 21:56:22.401327,177.52410204563975,180.60674396114933,174.6180626407763,177.2600928011921,7121640
2023-12-07 21:56:22.401327,175.0953848724361,177.7338440649335,173.77297191730253,176.31665356692713,8966518
2023-12-08 21:56:22.401327,174.62760355770249,178.24875198240457,171.4557403849552,175.22785559772598,9972044
2023-12-09 21:56:22.401327,174.6167008282455,178.68283918143305,172.4944409972149,175.55263523905086,9009339
2023-12-10 21:56:22.401327,179.5689468104895,182.73544637894278,177.03526468678206,178.73758296586158,8839783
2023-12-11 21:56:22.401327,180.09202796058315,183.09011229603644,178.02950699730727,181.1723538892559,5351070
2023-12-12 21:56:22.401327,180.39458216159105,182.49520794649294,176.8883965553344,180.2069231564126,5282235
2023-12-13 21:56:22.401327,182.6378950556509,185.6356754259251,181.00579691728854,184.40856243604696,1859593
2023-12-14 21:56:22.401327,177.10571056746562,179.9766632139257,172.55839536156296,175.88221821242252,6334399
2023-12-15 21:56:22.401327,176.01305751561148,175.677304870318,171.7774912254719,174.43223052899867,7505697
2023-12-16 21:56:22.401327,180.55101085136724,182.121760360892,176.4892504145196,179.2593445514631,8604097
2023-12-17 21:56:22.401327,177.1807713429788,182.1575604324642,176.69700186533703,178.39806003642016,7500528
2023-12-18 21:56:22.401327,175.2334600337589,179.43581586084426,174.40535888791135,175.49978246021087,4308744
2023-12-19 21:56:22.401327,178.23568732838635,181.3563416629194,175.59846159628646,179.98750969898998,5946548
2023-12-20 21:56:22.401327,179.16470902511256,182.68510469883057,174.9199337092131,178.34279677773165,7479483
2023-12-21 21:56:22.401327,175.02844505550325,176.49424583155263,173.72391607054226,174.94900131882386,6963536
2023-12-22 21:56:22.401327,179.19139366784714,180.33454290001947,175.26507795947853,178.8030325636464,2252538
2023-12-23 21:56:22.401327,175.58673498074668,175.78302836325255,169.72699851037603,173.99620053371484,3341007
2023-12-24 21:56:22.401327,174.36129609219762,174.14618689048004,170.38613156932524,173.13452623245146,9525787
2023-12-25 21:56:22.401327,176.36651764117062,179.49268723759147,173.4811138242423,176.12451350828985,9754924
2023-12-26 21:56:22.401327,180.38083490792295,180.46257594420743,176.9623941334489,179.3723436375011,3771470
2023-12-27 21:56:22.401327,182.67166544883017,184.3066495259132,182.22827593275218,183.20973386678457,1482052
2023-12-28 21:56:22.401327,182.29959457501715,185.91123014303867,181.61478188063387,183.85835421016773,6463257
2023-12-29 21:56:22.401327,186.29713359352905,187.2311764851688,182.48548966602718,185.7130861928141,9609175
2023-12-30 21:56:22.401327,185.29802155793365,189.05574917424198,182.99403795256444,184.89137789484755,9583925
2023-12-31 21:56:22.401327,187.59395828100227,189.1435377145713,183.93378429784943,186.99907461547937,3330637
2024-01-01 21:56:22.401327,184.99258314807417,188.76387116096532,182.3540167931136,186.63377910608435,6091267
2024-01-02 21:56:22.401327,182.72661835862016,184.74146879273405,182.34727292061655,183.76270817172448,4249046
2024-01-03 21:56:22.401327,184.16870634437737,183.97250729602297,179.82184721870917,182.74921799338986,9525554
2024-01-04 21:56:22.401327,178.17995793117214,183.19834848166792,175.78315216210143,179.7940327450416,4647876
2024-01-05 21:56:22.401327,180.90836733183542,183.34390337774093,175.78859701844272,180.10386749156348,6470395
2024-01-06 21:56:22.401327,178.13731075226355,180.18083279984265,176.89237597769105,177.9207623557913,9900019
2024-01-07 21:56:22.401327,181.2506871448784,184.22981310135907,176.7220162395258,179.91043932847455,8671077
2024-01-08 21:56:22.401327,173.2683123134683,178.08275188280834,172.24962567026188,174.401433176401,7430393
2024-01-09 21:56:22.401327,176.07381721575754,178.91048319979285,173.25835994041847,174.82309973346023,1373033
2024-01-10 21:56:22.401327,173.4098217693947,178.38673190568048,172.2239102748842,174.34764752263953,4615633
2024-01-11 21:56:22.401327,175.50599982150766,177.02960249651935,171.55859870617743,175.22736875498146,1128283
2024-01-12 21:56:22.401327,174.74834360808703,175.15415862899653,169.76859132296372,173.9445367366435,8551519
2024-01-13 21:56:22.401327,174.48118433191232,173.99520792130915,171.53246932704235,173.0352719644226,8996165
2024-01-14 21:56:22.401327,171.68191326763758,172.97651135604366,167.71292965066218,170.78566312317275,1171875
2024-01-15 21:56:22.401327,163.1007205989523,166.89504440104287,162.1917521218627,164.64263289393887,7821599
2024-01-16 21:56:22.401327,168.88801928133935,169.3940033791496,163.17715928041406,167.2925324394193,3669672
2024-01-17 21:56:22.401327,167.4154368330201,171.55917138591747,164.798930173016,168.68820775898604,8781814
2024-01-18 21:56:22.401327,165.3407791787588,167.9744521591477,163.62180942865805,164.6923595682769,7927241
2024-01-19 21:56:22.401327,163.75563796085714,165.54455081070725,159.7597562884597,162.61193195589672,4693324
2024-01-20 21:56:22.401327,159.8748445105535,163.12119476925474,160.1997878379912,161.19188571789306,5111962
2024-01-21 21:56:22.401327,161.20715431691428,162.14655593747912,159.23246235778956,160.93592517395396,5256880
2024-01-22 21:56:22.401327,164.7288173944761,164.58197165885375,161.50101373108265,163.440082548134,6538471
2024-01-23 21:56:22.401327,158.56063508757336,162.4559947329811,157.80766587521097,159.68551176089977,1616898
2024-01-24 21:56:22.401327,158.9586182186729,159.96391195528847,154.57850249863975,158.29158160409438,7884133
2024-01-25 21:56:22.401327,161.77603442480893,163.52705290887613,156.96823526280565,160.80487997692987,1572342
2024-01-26 21:56:22.401327,160.95393715119982,160.96041631379128,156.75502413380622,159.55924097834333,7428477
2024-01-27 21:56:22.401327,160.93040892546932,162.51969000385668,157.8546793305447,159.79691021055032,2233031
2024-01-28 21:56:22.401327,164.88100915814604,168.55428461093786,163.09869358371975,165.12689536529174,4093218
2024-01-29 21:56:22.401327,161.2642057630732,164.13585192570378,160.44514706901637,162.12638186719965,6316573
2024-01-30 21:56:22.401327,161.01803791255313,162.79553495448548,159.5110497849354,161.13049226333524,5160339
2024-01-31 21:56:22.401327,166.21001391085827,168.78300430465075,163.56606499173273,164.8754052851004,1806682
2024-02-01 21:56:22.401327,166.39710650927626,169.00271818904,165.05999934439205,166.59959034467693,2854720
2024-02-02 21:56:22.401327,164.9112977065784,168.47904500330634,163.17785174926564,165.4333100274186,6225019
2024-02-03 21:56:22.401327,166.82005815571054,169.44531535467587,162.38390966174606,165.8638629343414,8660739
2024-02-04 21:56:22.401327,168.53493957237572,173.417424090949,167.2625636345347,169.35622043655545,3045085
2024-02-05 21:56:22.401327,169.4805585118612,169.09861907320155,164.38921502882897,168.21798183705295,7133204
2024-02-06 21:56:22.401327,169.40706233563327,169.57477435611742,167.24991428681747,168.54750735169253,8668475
2024-02-07 21:56:22.401327,174.75146012730175,177.78480948693633,172.22393939419013,175.8232391162956,8425641
2024-02-08 21:56:22.401327,174.96764570979397,175.347382685644,170.30862027414102,174.29925831598058,3014548
2024-02-09 21:56:22.401327,176.70623634604104,181.9055508014684,176.18630187786786,178.44864953921677,3269366
2024-02-10 21:56:22.401327,173.14081884339976,175.10565988920948,172.13717277533155,173.73533206806852,5725867
2024-02-11 21:56:22.401327,172.38563937866584,176.93795460423104,169.96979135309206,173.06665878221628,6952525
2024-02-12 21:56:22.401327,176.9806257005172,178.69052571938371,173.50289636995637,177.10718399133432,1992417
2024-02-13 21:56:22.401327,185.89695659781594,187.56672624148925,185.1688321617414,186.25648486413513,1585746
2024-02-14 21:56:22.401327,191.94472725378174,197.12717121470766,188.9382560566296,193.0101734002135,2797440
2024-02-15 21:56:22.401327,197.04645156999624,199.8515195167237,194.609200205706,198.40110971618566,4725250
2024-02-16 21:56:22.401327,202.4609391498651,206.83357668673358,200.65412031561388,202.29288798343507,3209816
2024-02-17 21:56:22.401327,197.2878794315942,203.18851061895717,197.47875404241003,198.82723779773607,8474751
2024-02-18 21:56:22.401327,198.5216264761882,201.19205971702686,192.4583465020311,197.0454181765425,6490899
2024-02-19 21:56:22.401327,201.54060239172742,203.1902371219628,196.3643544194713,201.38516618747,5051359
2024-02-20 21:56:22.401327,205.02175037745602,210.4383693124186,202.4294497147412,206.2073365845092,9284567
2024-02-21 21:56:22.401327,203.87257425371578,205.53243176312606,198.69234906038184,202.28383263556475,7942338
2024-02-22 21:56:22.401327,204.0017580900665,207.76541002931336,202.0099104901618,204.1297222344155,7951207
2024-02-23 21:56:22.401327,199.2347568075741,201.53664585010728,197.31153846436175,198.32280775870888,4920450
2024-02-24 21:56:22.401327,197.50035329946962,203.9426844583712,195.81347673074148,199.23962668309017,5378807
2024-02-25 21:56:22.401327,194.36936669841865,198.10442140650986,193.45731109243624,194.7523662159831,8902076
2024-02-26 21:56:22.401327,198.56274670397954,203.3277747943192,195.54895892221802,198.91627117284517,3247664
2024-02-27 21:56:22.401327,203.81843327599626,205.88464292903163,200.46368069163643,203.8517384875553,6656410
2024-02-28 21:56:22.401327,197.27933787311147,202.88064980678337,193.46780947894888,198.05762482889227,6072104
2024-02-29 21:56:22.401327,201.42291892972105,203.36499397963289,198.67743379147194,199.828316699952,9213176
2024-03-01 21:56:22.401327,201.40041840193038,206.7314872150459,200.2202064589834,202.5768776766208,2365832
2024-03-02 21:56:22.401327,199.778408408849,202.74411780496558,197.49895584382136,198.64576063932924,5878922
2024-03-03 21:56:22.401327,199.33290521163076,204.1381430820977,196.9393624590893,200.9460905294149,2912900
2024-03-04 21:56:22.401327,205.81231963187864,208.88243165533254,205.16626009999646,207.05731271399387,8263484
2024-03-05 21:56:22.401327,198.56933615805298,201.71848327815835,196.970314274488,199.0468128152416,4613137
2024-03-06 21:56:22.401327,202.3661336171848,204.11340204587765,199.70572164656144,201.64888925781761,5995992
2024-03-07 21:56:22.401327,189.95434529606288,192.6963156380533,189.1303262534925,191.22447390913615,2781929
2024-03-08 21:56:22.401327,194.1754695777281,199.75291031018727,193.14024718991624,195.78546265153867,5915616
2024-03-09 21:56:22.401327,200.0189748419354,204.3493537509504,195.8663465687603,200.46310896648333,7429630
2024-03-10 21:56:22.401327,202.71862320990942,204.0136026576597,199.3216392982216,202.87055955348112,2123985
2024-03-11 21:56:22.401327,203.24542433008912,208.02164223065793,200.79849849556717,205.12872844393243,3430897
2024-03-12 21:56:22.401327,196.50649682777,199.2023113157999,192.89891552839833,197.5876548261439,9266034
2024-03-13 21:56:22.401327,198.06084426162082,198.76274256507003,195.18586314733085,197.70600204968244,7154353
2024-03-14 21:56:22.401327,203.6677033086344,206.46750305120327,200.34254822885342,202.1776657253189,9101496
2024-03-15 21:56:22.401327,207.65441674528984,210.57921277516556,203.53831724394757,207.62497708339143,2128418
2024-03-16 21:56:22.401327,208.8059641623048,210.91448059066337,205.6903275992153,209.0201189886622,4014095
2024-03-17 21:56:22.401327,207.20308080553926,211.88335264335154,204.84694224251837,208.69900085552146,5189657
2024-03-18 21:56:22.401327,209.9601774436206,213.0648921413032,206.73781579572986,209.79467154085998,1126411
2024-03-19 21:56:22.401327,207.77615760444988,210.55671480743692,205.7152579922262,207.94880182194126,9564443
2024-03-20 21:56:22.401327,212.0934305336078,214.08253323694518,205.97150057438975,210.49847078774508,5615433
2024-03-21 21:56:22.401327,207.73468411823129,210.296533071783,205.0973256892722,209.143062105348,7377787
2024-03-22 21:56:22.401327,210.817008475303,213.93979789913516,206.13882689558653,210.21608186304772,8121840
2024-03-23 21:56:22.401327,205.35984387858602,205.9803896385577,199.2363007707429,203.33781447282152,4009502
2024-03-24 21:56:22.401327,201.31305263967187,204.3824342528415,198.87326730118113,201.23106533432545,6233420
2024-03-25 21:56:22.401327,192.4717126562383,194.72621288194725,191.25890368213211,192.56608651663788,5577848
2024-03-26 21:56:22.401327,194.96295905004487,195.37898607000153,192.02380429701373,193.56792289719675,4511801
2024-03-27 21:56:22.401327,190.21454496811646,191.66151597028107,184.20054966158548,188.8375704914789,7163713
2024-03-28 21:56:22.401327,181.8598918663561,184.51118794655696,179.6909744602022,181.74495449592987,5530061
2024-03-29 21:56:22.401327,187.66592520317406,190.8373823222453,184.09214814646035,186.44134127253702,4255710
2024-03-30 21:56:22.401327,180.39300189566768,182.87405084907235,176.89112426022774,180.09283670219503,7926679
2024-03-31 21:56:22.401327,177.98841111613726,181.72642862068173,176.1127432743552,178.66475983756737,7447944
2024-04-01 21:56:22.401327,175.96608584195414,180.4260275288242,174.3279348734139,176.6164811636508,2496021
2024-04-02 21:56:22.401327,176.23965443815501,181.42214448595544,174.7468005232789,177.89216942735317,9516166
2024-04-03 21:56:22.401327,176.79262493485413,181.58358811259416,174.583313994434,177.71559308945928,1391149
2024-04-04 21:56:22.401327,174.19531751173392,179.0213453339798,171.9635525242225,175.94112622944087,8766855
2024-04-05 21:56:22.401327,180.41898887170416,183.9322340989394,175.81173445663498,180.15556929914678,3827196
2024-04-06 21:56:22.401327,178.2075488864609,181.1601522461303,178.50354828961522,179.94537723142585,6646677
2024-04-07 21:56:22.401327,171.48106270194663,175.4260030294917,171.10156302971032,172.29322775252578,4973555
2024-04-08 21:56:22.401327,177.58424496943454,177.17569416980186,174.44289558549673,176.02415895673946,1912416
2024-04-09 21:56:22.401327,178.36019931515213,181.67554458306128,178.12520182033157,179.64782496099957,3917806
2024-04-10 21:56:22.401327,186.05284916847955,189.4781686295562,183.38587737766537,187.04456722186794,3488184
2024-04-11 21:56:22.401327,188.323311896975,193.8924291604893,185.6504207233926,189.98372286197588,7303255
2024-04-12 21:56:22.401327,189.56582982355826,193.99875501802975,188.1197765398166,189.7846320843065,4071094
2024-04-13 21:56:22.401327,192.2299859432759,195.84602331276344,189.10319912739007,191.5819406929581,2840365
2024-04-14 21:56:22.401327,195.12539852916993,198.53981496126954,189.35071506729713,193.75029707455727,3519563
2024-04-15 21:56:22.401327,198.9179011527167,200.5582420873534,194.33980677826207,198.99624318355913,4055348
2024-04-16 21:56:22.401327,200.0488126944399,201.83094766053424,196.7545768123612,199.2621000222435,5186943
2024-04-17 21:56:22.401327,199.7886008513379,203.03181051300183,196.31955525342443,198.792241246964,2967742
2024-04-18 21:56:22.401327,195.3078711170952,199.90085013879363,193.5653562995751,195.84146867968212,1851662
2024-04-19 21:56:22.401327,190.10475685157584,193.5966255532383,189.12403879018066,191.43461201722104,2367290
2024-04-20 21:56:22.401327,189.94108416230705,192.07926319263638,184.15798050869438,188.18867565908369,5001059
2024-04-21 21:56:22.401327,182.094568002948,185.59279145598572,179.81652614446224,182.9631530231425,1203709
2024-04-22 21:56:22.401327,189.48443978689588,195.59373270565777,189.4254896422809,191.17801234268282,8552973
2024-04-23 21:56:22.401327,197.35932162442228,200.79903778354642,197.01147891431353,198.93841200147298,2052064
2024-04-24 21:56:22.401327,200.64494088300768,201.07598179559702,196.96075143570096,199.73472598042582,8103847
2024-04-25 21:56:22.401327,201.14678785357538,201.60195673555629,196.82051174786983,199.34253344265107,5731713
2024-04-26 21:56:22.401327,198.77716505475362,201.457480466803,196.45522253074452,199.08571158384407,9484577
2024-04-27 21:56:22.401327,199.19704563119663,203.108675663417,198.71875851276224,200.1583844214473,6987392
2024-04-28 21:56:22.401327,201.43593340421992,208.0287129215294,199.0641835535452,203.18840015318122,4448459
2024-04-29 21:56:22.401327,205.44915054891732,208.73937141082897,202.86451920534748,206.2027085726682,8595753
2024-04-30 21:56:22.401327,206.1518086244365,208.7446070992853,203.69235844656802,206.26813515792597,3810590
2024-05-01 21:56:22.401327,199.64165280791497,200.92649447847126,196.64104863965792,198.86739040033316,2518653
2024-05-02 21:56:22.401327,199.90584081570302,205.23687856157628,197.78688835550295,201.72963800758149,2529885
2024-05-03 21:56:22.401327,206.46138219266012,212.41036823042145,205.54669868381265,207.30148346442206,9661993
2024-05-04 21:56:22.401327,211.56687849136523,212.49111220690565,209.0037213826917,210.4566255969061,1483642
2024-05-05 21:56:22.401327,208.192032277474,208.10018629230336,201.69854743956523,206.47957959948656,7036411
2024-05-06 21:56:22.401327,206.86781287123432,208.96111512078653,204.0509413413885,205.8409567469708,6380797
2024-05-07 21:56:22.401327,211.12402951776016,211.87344334798254,204.63482659291356,209.81450124080305,3443691
2024-05-08 21:56:22.401327,215.47021307132118,218.7957394847415,212.24208208966817,215.23508146444578,3812803
2024-05-09 21:56:22.401327,206.1687434745336,211.57405996295452,203.11523839537568,207.982292563223,4329105
2024-05-10 21:56:22.401327,213.4743834281069,218.4642412649598,209.1802350033954,214.25020821167675,9507261
2024-05-11 21:56:22.401327,220.97011960143385,224.85107538921807,218.48350819252607,220.29854390681464,3732416
2024-05-12 21:56:22.401327,213.13525801057057,214.14170250035968,210.8636647479704,212.3942708662513,9044144
2024-05-13 21:56:22.401327,213.54763051868477,215.31873921658004,210.2124440663712,211.6866177628643,9150616
2024-05-14 21:56:22.401327,224.72295684595062,226.11857469589876,220.03775731416602,223.7513443434749,3547480
2024-05-15 21:56:22.401327,228.71547460773235,232.91443135456842,222.51593940895143,227.9958886805812,6626449
2024-05-16 21:56:22.401327,232.34068878806826,235.76018308333727,229.75655846244499,233.8540856523891,5750980
2024-05-17 21:56:22.401327,240.70140579618277,246.10269549638716,237.27753025817233,240.8661175713162,9458984
2024-05-18 21:56:22.401327,241.38947964005015,246.53713932511695,238.8981653315826,241.4152619251436,4807723
2024-05-19 21:56:22.401327,245.05754325939958,248.13022188723403,240.33922505654937,244.34207881956314,2578218
2024-05-20 21:56:22.401327,241.47217569980256,241.92783212747648,236.5474536318375,240.6636743632386,5627058
2024-05-21 21:56:22.401327,242.7116559708715,244.3965218205427,235.22963666437278,241.1330388175008,1266325
2024-05-22 21:56:22.401327,237.44132924498632,243.01305747833678,234.31637045328537,237.86493350499234,4711609
2024-05-23 21:56:22.401327,235.31672450618683,238.3724499021945,227.67477097963993,233.08675100318735,6707507
2024-05-24 21:56:22.401327,239.74297433217492,240.89633732709544,234.7111393273866,239.04380298805626,1649990
2024-05-25 21:56:22.401327,229.18449701532452,236.1549829036179,227.22302864137097,230.70547945458293,7866936
2024-05-26 21:56:22.401327,226.66932113303196,228.61741456676222,221.52119791751255,226.04908346985886,9712689
2024-05-27 21:56:22.401327,230.81694739475083,238.33245579585875,231.48778723809437,232.84442877592787,5907498
2024-05-28 21:56:22.401327,222.60793642101626,226.61728975584475,220.37856199963966,222.58308991566008,3059669
2024-05-29 21:56:22.401327,223.4905675893757,228.4334391852141,223.48240632919945,225.6124101609513,2361151
2024-05-30 21:56:22.401327,223.39724094051505,228.74340781239593,219.9911058432438,223.28546972566733,6660282
2024-05-31 21:56:22.401327,219.11561129647,224.49999296354784,218.28348813736832,220.65594158105523,6976753
2024-06-01 21:56:22.401327,226.1439793014218,230.0343420848337,223.6227107155034,226.9551885232061,1986326
2024-06-02 21:56:22.401327,230.54186245921247,236.11183786578783,227.98460348706806,231.2228926271329,5969239
2024-06-03 21:56:22.401327,235.16378971132286,237.98106132263678,231.16658323609354,235.85246968651967,5806159
2024-06-04 21:56:22.401327,240.5253512738103,242.92070247324267,234.91321825258504,238.7492429358216,8750112
2024-06-05 21:56:22.401327,242.9048503168204,246.75016556052586,236.37444873870848,242.20849140112793,4072787
2024-06-06 21:56:22.401327,249.48483472240653,250.84565549360173,245.82900162662594,248.41690861869304,8845563
2024-06-07 21:56:22.401327,245.54704528446095,246.54483960449548,242.77392604896048,245.2873724195473,4611939
2024-06-08 21:56:22.401327,247.94983458426253,248.53542979939613,240.5497226368506,246.48204176999496,7871552
2024-06-09 21:56:22.401327,255.00266161347918,256.57354971459455,251.0870091093493,252.97417488604322,9696470
2024-06-10 21:56:22.401327,250.99184506062807,254.97269267099946,248.30106699858007,253.09253428962901,9959424
2024-06-11 21:56:22.401327,264.5449701062344,266.08249367341057,261.01015593094314,262.59717098994184,4992768
2024-06-12 21:56:22.401327,257.9037263778384,260.29525137853966,255.9206550019451,258.52345252143454,7364983
2024-06-13 21:56:22.401327,257.3175220931713,264.88889115779534,254.03488056422938,258.5513754094437,4614118
2024-06-14 21:56:22.401327,251.34310864882698,256.7199734111734,248.7939170463458,251.15416948083237,9729230
2024-06-15 21:56:22.401327,256.49736157099113,258.374854255618,251.3541631548902,254.3587488313764,4332694
2024-06-16 21:56:22.401327,251.75385117144953,259.5597614579327,250.5279348425933,253.5305832462928,2018548
2024-06-17 21:56:22.401327,255.8959064915191,259.8610928081988,249.41730928265605,254.3597169096676,4064136
2024-06-18 21:56:22.401327,264.1287825748843,266.56253806578957,258.6739514179917,262.71998106999945,5313761
2024-06-19 21:56:22.401327,267.79318647991994,271.13732265391207,266.3646624199928,269.47988314569545,9793439
2024-06-20 21:56:22.401327,263.4229518099067,266.7243707912161,263.651158465874,265.1478520313606,3339661
2024-06-21 21:56:22.401327,257.5386553234238,260.68866396808056,256.35995805362734,258.8057496884013,9211583
2024-06-22 21:56:22.401327,249.02135849507067,250.0557992935854,242.62757766884823,248.77837582195374,4874457
2024-06-23 21:56:22.401327,251.48593586695603,257.52797836546335,247.2807274921566,252.27838811005054,9909902
2024-06-24 21:56:22.401327,257.10163626299016,258.67952038541205,249.766984799438,254.5992550194475,4324455
2024-06-25 21:56:22.401327,245.46385817290715,249.6588102550642,241.8179716169223,245.8056613952698,3290718
2024-06-26 21:56:22.401327,239.79618957283043,242.46957519363042,237.59095736649456,241.20797836703207,9294086
2024-06-27 21:56:22.401327,238.3554051240614,242.25388375077003,235.4665310408538,239.29849060804523,2828746
2024-06-28 21:56:22.401327,237.34003936024604,243.99042921713465,235.80959714540865,238.62996448937835,9066404
2024-06-29 21:56:22.401327,237.6586238696876,244.33336425887705,236.5328918599363,239.7326926979899,2468292
2024-06-30 21:56:22.401327,236.25077514053203,238.9919230274611,230.936484912716,234.3082226026296,7267222
2024-07-01 21:56:22.401327,234.428291889771,238.488918788123,231.31373534168088,233.01930329267603,5575664
2024-07-02 21:56:22.401327,232.63634119153332,236.64076166698098,230.20362989567775,231.9996966929045,4215485
2024-07-03 21:56:22.401327,229.23269905005245,233.39369693541937,225.85724222063865,227.84848916218056,5753994
2024-07-04 21:56:22.401327,230.47730009351926,235.28022836690164,226.59345721267803,230.87354950699032,3214707
2024-07-05 21:56:22.401327,228.66997956836465,235.95196471080243,226.53611608994217,230.85820682058952,9027092
2024-07-06 21:56:22.401327,239.54961480513148,241.40968478125617,236.8163825122075,239.5573180468879,2184281
2024-07-07 21:56:22.401327,238.3374588981984,245.03792391299308,235.31040375249523,239.31171839252588,7443888
2024-07-08 21:56:22.401327,241.09731125883062,243.2723810508277,237.493812839987,240.90646315670807,2538096
2024-07-09 21:56:22.401327,235.82658023029344,242.98500228271496,234.50924511996996,237.82556143553035,9098117
2024-07-10 21:56:22.401327,245.1749118605455,248.76164416681658,241.98558384649127,244.8913451539187,4722371
2024-07-11 21:56:22.401327,242.43078042769415,248.01559158844665,238.76349452670533,243.18815028152733,4118928
2024-07-12 21:56:22.401327,239.04022247178264,243.7383622482737,234.69686869084103,240.2419612404056,7574116
2024-07-13 21:56:22.401327,244.8387100651216,246.6659910301226,242.5800125691873,243.86269024136487,9535046
2024-07-14 21:56:22.401327,246.03071728961385,246.55359838195693,240.8249602350576,245.24202508651047,2942602
2024-07-15 21:56:22.401327,244.98956197387366,251.01675893015647,243.1149541323053,246.15061143184852,7047668
2024-07-16 21:56:22.401327,254.89612575286122,257.6038346520655,247.60697383160695,253.25306713801362,7168823
2024-07-17 21:56:22.401327,250.99897692016395,255.03421872088677,246.86799525221656,250.40938606705473,2847013
2024-07-18 21:56:22.401327,244.03070668957872,246.9562440280856,238.28735647969035,242.00720561665494,3261515
2024-07-19 21:56:22.401327,243.01728329375766,247.3811989672349,241.2433759601785,242.63755516717444,2528371
2024-07-20 21:56:22.401327,244.6498062135568,250.77461186589036,240.81876713543411,245.9305735011248,8312822
2024-07-21 21:56:22.401327,249.42579518034887,253.7545480374846,243.88858805792518,249.0281451787926,3004513
2024-07-22 21:56:22.401327,250.03902410418806,254.0409965146856,249.47216494749472,252.41640568424262,6639113
2024-07-23 21:56:22.401327,245.32680227609634,251.05095813602242,244.73261435572513,247.48687012265654,9519791
2024-07-24 21:56:22.401327,238.61487907525245,242.5103008146946,236.39035849497174,239.64913941926665,2676851
2024-07-25 21:56:22.401327,235.984821607304,239.96025103450287,236.0590596564352,237.8378230055105,6548866
2024-07-26 21:56:22.401327,245.90967782318359,248.12210068963324,242.20588984949197,244.08020941930252,4228435
2024-07-27 21:56:22.401327,253.23621469583327,257.1443319477496,251.47843441909598,255.224922968923,8369411
2024-07-28 21:56:22.401327,262.29200767726854,265.24751337244146,259.37122305562184,260.80000136872815,7560986
2024-07-29 21:56:22.401327,260.5271072950006,260.83693099658524,253.18057122865295,258.06682714899864,2850908
2024-07-30 21:56:22.401327,242.0505643407889,244.17575912967203,239.3215538279009,242.6502875547971,2491807
2024-07-31 21:56:22.401327,244.22177954940477,245.55226024858442,240.41062135924523,244.23680976635873,2365180
2024-08-01 21:56:22.401327,248.0527422395841,251.24122865518123,244.4355955943004,247.7533248771345,7769539
2024-08-02 21:56:22.401327,244.26844740386437,246.40991472510572,239.25629545091078,245.13476807500115,9459395
2024-08-03 21:56:22.401327,246.94280498254358,253.3384019313268,243.34178391899104,248.0647358815841,2361819
2024-08-04 21:56:22.401327,240.66177329140385,243.60012669083355,234.48125845087011,239.63766416827946,5819136
2024-08-05 21:56:22.401327,239.11124387131957,241.5145714080071,237.03289204402034,238.56462058213512,1860735
2024-08-06 21:56:22.401327,241.12229424721372,242.65932009523618,238.0788140819147,240.70604367398633,5747809
2024-08-07 21:56:22.401327,246.4549358010141,251.14613279349848,240.7392818630076,246.85601114251645,5097290
2024-08-08 21:56:22.401327,242.36716955322436,245.83233289894508,236.97841707253758,241.25382039962645,8692769
2024-08-09 21:56:22.401327,230.4975301575369,233.4273340106723,229.44737272675246,230.88604420111727,2472265
2024-08-10 21:56:22.401327,230.03049722849497,234.97331824050218,224.76403102505105,229.72488640704424,9525700
2024-08-11 21:56:22.401327,230.9767786839276,234.35472576888867,226.30306464916225,229.21618595305267,4319205
2024-08-12 21:56:22.401327,228.532949811644,232.7416144057788,224.70849780143752,229.45221817749405,8006607
2024-08-13 21:56:22.401327,229.87933188777825,234.34598591726976,225.3678351110439,230.98132429927543,9682853
2024-08-14 21:56:22.401327,232.1178802023334,237.50474079834754,229.8714423744498,232.33685259523438,7304177
2024-08-15 21:56:22.401327,224.91596316292137,228.6256052723867,221.91056900343168,223.1909601303274,3574275
2024-08-16 21:56:22.401327,223.26428899865192,227.9669681763965,222.48003514431838,224.8632816212389,6262250
2024-08-17 21:56:22.401327,228.64403080719575,230.37078718546863,225.84608916813053,227.25313649131812,5245569
2024-08-18 21:56:22.401327,225.3204060699823,227.45611241752613,220.3947414224509,224.55216358115254,3068135
2024-08-19 21:56:22.401327,221.50656655578132,225.45393506321088,219.0486048792249,221.3769543780728,8529149
2024-08-20 21:56:22.401327,221.28359643714006,221.74527318811045,215.8309041263203,220.0962581450219,3403281
2024-08-21 21:56:22.401327,221.96442061879003,223.26007554866007,219.55096974670127,220.87574225790206,3879062
2024-08-22 21:56:22.401327,213.3502526073009,213.03806974649342,209.8557733415458,211.30409167407115,3009796
2024-08-23 21:56:22.401327,211.90951028797258,217.2913968782198,207.72198287088247,212.62686046101447,9351869
2024-08-24 21:56:22.401327,212.96583444918375,216.580963249816,210.72064817882685,213.3448076965664,3283447
2024-08-25 21:56:22.401327,211.64773769665294,210.61158819189112,207.4575975677269,209.55640766394936,3397565
2024-08-26 21:56:22.401327,207.1734484149992,210.7071113865489,204.56557049902108,206.44368737698363,8517273
2024-08-27 21:56:22.401327,201.26041633273653,204.74830261598484,200.47822934830512,201.68749177434978,9149938
2024-08-28 21:56:22.401327,198.3886934283898,204.1896701236534,198.47775471389107,199.61352197232745,1872596
2024-08-29 21:56:22.401327,196.83357744408733,197.6445471947788,193.26088157794084,195.54941840144804,1271381
2024-08-30 21:56:22.401327,192.73005479404065,195.21677252543424,187.33961441312294,191.42314728700737,1707284
2024-08-31 21:56:22.401327,187.88079702315054,192.05585325045513,184.16084515248585,187.7949574628352,9116787
2024-09-01 21:56:22.401327,185.01722907844143,188.08287918083718,182.9889521698222,184.84484398976284,5349921
2024-09-02 21:56:22.401327,183.75216585032274,185.82345206454335,179.59744468417617,182.03573404790197,9697878
2024-09-03 21:56:22.401327,185.7100665070152,190.63361514733396,184.1703092891067,186.98466155324311,1507340
2024-09-04 21:56:22.401327,191.89260620197555,195.4750342082195,191.15345146325083,192.21027036826396,6005022
2024-09-05 21:56:22.401327,189.20908701068234,189.07565029725345,186.93995585433908,188.02866096814932,4281470
2024-09-06 21:56:22.401327,190.77987950659187,190.6536622045089,185.60950654143647,189.3031921862695,3281868
2024-09-07 21:56:22.401327,191.230150281943,191.70920214536142,184.83867629342717,189.53847985363288,7962024
2024-09-08 21:56:22.401327,185.0548472489391,187.9146511084232,179.5176991079407,183.4289304762732,3602781
2024-09-09 21:56:22.401327,180.75698417198117,184.75657465647507,177.44803538089667,181.69051787071072,4832721
2024-09-10 21:56:22.401327,182.61773117407904,184.07714101272546,178.71600229599454,182.8618720115379,3454738
2024-09-11 21:56:22.401327,184.36382430248196,186.41770045374122,179.89412692656532,184.05228325720145,9948914
2024-09-12 21:56:22.401327,177.48946868583656,179.50535785010482,172.49731530816396,176.50190759231418,9565514
2024-09-13 21:56:22.401327,175.45840942916794,178.82377319642626,172.0308623923731,174.77415383481903,7162886
2024-09-14 21:56:22.401327,167.34635214591435,168.38172683569942,164.30071244345902,167.12714638368325,6585818
2024-09-15 21:56:22.401327,171.87343654912343,172.35650300455933,168.52473452972967,171.37339125490098,2208683
2024-09-16 21:56:22.401327,169.0705723006643,170.80199165277745,167.63869971125283,169.51041125432033,8903249
2024-09-17 21:56:22.401327,172.56534676574208,172.6205804089904,169.39363827043647,171.7114874590894,8849405
2024-09-18 21:56:22.401327,175.66423971519603,177.30871205206677,171.61639228996802,174.46602489511994,3841130
2024-09-19 21:56:22.401327,179.43436467639927,179.03631567984868,176.0792341759591,177.86010256160642,1769267
2024-09-20 21:56:22.401327,179.73599843162617,181.31657178432584,177.78216614475693,179.7671690222178,1046007
2024-09-21 21:56:22.401327,174.0292460556894,175.48484725705023,169.28655292214108,172.6072014300373,7734842
2024-09-22 21:56:22.401327,166.00833268635944,171.12645212471296,164.02989533354597,167.44446701249183,2434492
2024-09-23 21:56:22.401327,165.64330031592635,167.93383887256803,164.89912408578607,166.54410788804734,6666697
2024-09-24 21:56:22.401327,164.9670646406845,168.72151411165288,164.09318056932355,165.826595923823,7924962
2024-09-25 21:56:22.401327,169.9080964273906,172.68943829082025,168.0630259252764,169.8023070844228,8796677
2024-09-26 21:56:22.401327,174.21232074597614,176.05992084711198,172.75333428949685,173.87143620217918,8444672
2024-09-27 21:56:22.401327,174.8239710092373,174.63101181545701,172.18688460467965,173.57220634557288,8416442
2024-09-28 21:56:22.401327,172.89853330354643,172.99983916461915,168.98284664435445,172.06409785505645,2545347
2024-09-29 21:56:22.401327,168.02151912528257,170.25819343420218,165.3809340874613,167.99727366547722,3280042
2024-09-30 21:56:22.401327,164.14694478527727,166.25935134837175,162.99809247667633,165.2966636783195,6273181
2024-10-01 21:56:22.401327,163.64591171975374,163.77866380729995,161.44869473496806,162.27027762434247,3915815
2024-10-02 21:56:22.401327,162.45990006315296,166.255743731224,160.41058365101313,163.304616441268,2825515
2024-10-03 21:56:22.401327,159.64758564776204,161.03154693029575,156.54494520038966,159.4556048501871,9319613
2024-10-04 21:56:22.401327,153.28772725694802,157.51644857665735,152.36547707598353,154.09732313586358,5785003
2024-10-05 21:56:22.401327,147.7360123938271,150.69678042973962,144.6047114525613,148.2974916454917,8587976
2024-10-06 21:56:22.401327,145.03913482543118,149.93667272907615,145.17152377960966,146.43413815356973,2198922
2024-10-07 21:56:22.401327,146.34046812479104,147.13217688657747,143.48840106899837,146.29152514987513,5825978
2024-10-08 21:56:22.401327,147.52317860153724,151.0615318452963,146.0820012392581,148.92818245273872,6136458
2024-10-09 21:56:22.401327,146.23629973383376,148.231111303793,144.5199169899328,146.22220397073252,4666169
2024-10-10 21:56:22.401327,145.13383057141093,146.1856980618954,144.1276490410831,145.21530445044482,5394750
2024-10-11 21:56:22.401327,145.89119393549868,147.884942759436,143.10737021296748,145.2400103211806,4817043
2024-10-12 21:56:22.401327,141.70185380452523,145.267491433061,140.05478404453936,143.11839121195368,9584029
2024-10-13 21:56:22.401327,143.60325144932187,145.45554089442246,141.56097201125868,144.1042925936277,5613560
2024-10-14 21:56:22.401327,141.25212756711548,143.95768511337687,138.77446792760477,141.56182548113088,1542036
2024-10-15 21:56:22.401327,138.63782541773,141.9506812331101,137.07635184620617,139.7255404498107,3350850
2024-10-16 21:56:22.401327,139.04489983489339,142.5795431791825,136.29742581439038,139.76528695232483,9263613
2024-10-17 21:56:22.401327,139.59488537965228,143.79823964377553,139.005037068785,140.96188316996103,3771022
2024-10-18 21:56:22.401327,139.91292950613501,140.93950860379385,138.23365680506495,140.10195299206092,6680997
2024-10-19 21:56:22.401327,136.91246604072464,139.66959453081407,135.99152728650222,138.2059275057912,1207821
2024-10-20 21:56:22.401327,140.25092355780288,142.12718545636864,138.45643777815718,140.58387632248508,9273760
2024-10-21 21:56:22.401327,140.0434741844714,144.2324595701,140.19490445827276,141.03986099515512,1265577
2024-10-22 21:56:22.401327,143.16464639653313,144.5493610646451,140.41127641033057,142.7837429029296,7585537
2024-10-23 21:56:22.401327,140.6965518915549,144.48420333717036,139.6756721538143,141.22648281931762,1272560
2024-10-24 21:56:22.401327,139.6102221642872,142.26472255104952,138.75244591652347,140.3910876402384,6485480
2024-10-25 21:56:22.401327,143.3752926138231,144.56546613348752,139.00731305142065,142.10290140252437,3354400
2024-10-26 21:56:22.401327,145.70108802850723,147.41668967444414,144.43586016794805,145.23369702778461,9045060
2024-10-27 21:56:22.401327,147.74954873255686,151.18699853195213,146.19134784710045,149.01550492897726,2709524
2024-10-28 21:56:22.401327,147.6588717370267,150.0963586560222,145.27215036178796,147.46136127073066,1021686
2024-10-29 21:56:22.401327,145.53901118396615,146.84844239786145,143.59075924944938,144.81609607194108,9320509
2024-10-30 21:56:22.401327,148.4887763183955,149.36727479662636,144.29265279389472,147.42537191969868,4890455
2024-10-31 21:56:22.401327,145.38286809992042,147.6624634245202,144.20386250905187,145.89504018069988,7353183
2024-11-01 21:56:22.401327,146.4184621997407,149.5347103377595,142.74280126328273,146.1571499893065,4877675
2024-11-02 21:56:22.401327,143.23404741529538,145.27654966070128,140.3684042917957,143.5093824949608,2089631
2024-11-03 21:56:22.401327,147.7410391614403,149.06357179302037,145.42049186528186,147.71410071765442,4289295
2024-11-04 21:56:22.401327,154.05049509541277,155.53678848578312,152.18853605709245,154.50402686550422,2870517
2024-11-05 21:56:22.401327,149.60703276782488,152.59105307047935,147.62929421384203,150.14261647240642,6320009
2024-11-06 21:56:22.401327,149.5514802016636,153.01743991791804,148.1191922560947,150.64815735330177,6497057
2024-11-07 21:56:22.401327,148.67805615279696,149.5358164744238,147.39592547887153,148.7597666641973,2447626
2024-11-08 21:56:22.401327,153.64584981921075,156.33141969786132,150.63254543246,154.46677752674282,8119973
2024-11-09 21:56:22.401327,156.72949142543007,157.84171129453927,152.9794892690865,156.5136038630753,2634671
2024-11-10 21:56:22.401327,152.6480033025252,156.09096371702478,151.59794555496387,153.52795043286824,9386347
2024-11-11 21:56:22.401327,158.70329007050418,160.8657740891136,155.82733390215972,159.45921575789023,7558479
2024-11-12 21:56:22.401327,162.34765408946905,162.87130695777725,157.3393955291805,160.7407734850226,9160830
2024-11-13 21:56:22.401327,160.7922419346784,162.5079594779457,155.62572559780045,159.4865766755669,8671898
2024-11-14 21:56:22.401327,161.4984266064442,164.90365097967472,160.66356098389872,162.87155856000527,7308413
2024-11-15 21:56:22.401327,155.56011703657953,158.05266064365912,153.71664416699616,156.4813475897719,4215532
2024-11-16 21:56:22.401327,159.85390373888603,161.6060413195889,157.6921018102118,159.24818789166582,8751600
2024-11-17 21:56:22.401327,161.03969347929245,164.07605008794266,159.7843038985982,161.5538427919786,6977099
2024-11-18 21:56:22.401327,165.693771367621,167.46488740292102,164.74213396065562,165.83166649276035,1363777
2024-11-19 21:56:22.401327,162.641911132907,164.95548625378473,159.57890313944228,161.80994638402439,3291571
2024-11-20 21:56:22.401327,161.28268086941839,163.18440790651445,159.37360765351315,161.80568329192843,8220238
2024-11-21 21:56:22.401327,158.06591577385473,163.17055881604892,156.00932393149827,159.63729543083866,6855297
2024-11-22 21:56:22.401327,156.62507607570268,160.59447285310364,154.4852818569073,157.46364684509126,7749885
2024-11-23 21:56:22.401327,152.95067373243828,157.77127000169702,151.47030390646665,154.42610539283757,7999082
2024-11-24 21:56:22.401327,154.65073301598156,157.16468655573937,151.89982461834586,155.17802144199953,8170023
2024-11-25 21:56:22.401327,159.68771006188365,162.79876845687056,157.88520247167355,158.98219163230243,9978034
2024-11-26 21:56:22.401327,161.34913695845464,163.2087145524842,159.8051343334992,160.6260562116363,2359419
2024-11-27 21:56:22.401327,162.5000428884433,164.41207660950002,162.2012294730439,163.1584807059978,3775629
2024-11-28 21:56:22.401327,167.0643328826349,167.89390752717603,164.0833883690583,166.94662736712445,3742670
2024-11-29 21:56:22.401327,166.59673389280138,170.90957099287806,163.22644394140005,167.37337435004204,3158638
2024-11-30 21:56:22.401327,169.462697488413,172.2623808088572,163.97683505385328,168.08303325409116,9439631
2024-12-01 21:56:22.401327,171.45715977479426,176.23097983005118,170.9049844209505,172.88047833647204,3914237
2024-12-02 21:56:22.401327,179.76166660327044,185.41769530560873,180.25330801525305,181.55423899453442,7152173
2024-12-03 21:56:22.401327,185.04327434291238,187.6699672495902,182.44437785396892,185.055929972051,5517500
2024-12-04 21:56:22.401327,182.7284189763409,186.6560434058941,182.72994397816933,184.55007478311407,5862271
2024-12-05 21:56:22.401327,187.94616842170433,191.9392117481507,184.223413901897,188.49518840099537,4129569
2024-12-06 21:56:22.401327,184.15155271478878,185.0041610876449,179.50787485971574,182.74725668985133,2257675
2024-12-07 21:56:22.401327,178.77606460581407,181.5448421038778,176.4680871907515,180.4187835979141,4147515
2024-12-08 21:56:22.401327,179.44099965751045,182.72047693244454,177.2029384662154,179.15386179493885,4070700
2024-12-09 21:56:22.401327,180.94734980416047,180.79410901813097,174.8234572736851,179.2792169591347,8955322
2024-12-10 21:56:22.401327,182.5441947594905,185.15165864060108,182.3416075679124,183.67338921400037,5055431
2024-12-11 21:56:22.401327,189.4888568720289,191.0621366980366,183.03233055482158,187.6291646427491,9956426
2024-12-12 21:56:22.401327,187.83784817474262,190.55984046944536,186.62500139064107,187.79065352973012,7299411
2024-12-13 21:56:22.401327,193.54215701427447,194.62497420940687,192.04688212475216,193.52283036006958,4054318
2024-12-14 21:56:22.401327,195.72912421236498,198.52992517969335,195.92176940707742,196.96022533963108,8922194
2024-12-15 21:56:22.401327,198.39187001988665,201.09477837610706,196.24685430541282,199.43539835757863,3504819
2024-12-16 21:56:22.401327,197.02798322413784,198.8407083476918,191.7750081633575,195.85581763173792,9496914
2024-12-17 21:56:22.401327,190.43133573711177,196.13507039286972,190.34703604891467,191.61740788756012,7245367
2024-12-18 21:56:22.401327,195.58151042450885,198.34942667792726,190.4253207541606,194.98375710999048,5244849
2024-12-19 21:56:22.401327,200.48845664737013,201.83384678885218,195.1789148222003,198.91557851020164,2804226
2024-12-20 21:56:22.401327,197.53091515956461,200.534743754928,192.44064349630503,197.03830504701043,3104380
2024-12-21 21:56:22.401327,191.95005321830888,194.08711665687753,191.43544923092,192.42725187537297,6831954
2024-12-22 21:56:22.401327,192.42210001013186,193.9658570806835,188.3749991971923,191.36062715209758,6339874
2024-12-23 21:56:22.401327,190.26059610228114,191.90471145699928,189.5288651633129,190.80877810838987,8613314
2024-12-24 21:56:22.401327,190.1250931389662,191.60873679098873,188.74200281723634,189.69650344088214,4338421
2024-12-25 21:56:22.401327,191.7460909921086,191.09230668325336,187.9657278853346,189.92527615295919,5054487
2024-12-26 21:56:22.401327,196.30268758608995,197.51487903793642,192.2312759518004,194.71061463344338,1286223
2024-12-27 21:56:22.401327,199.3994719686241,203.07790263815212,194.0862359324646,198.69984336201085,1956904
2024-12-28 21:56:22.401327,202.77933414489647,207.1795203847484,202.27792612884338,204.34452435163018,9536638
2024-12-29 21:56:22.401327,204.54852898926313,208.929715599323,201.7209207039831,206.29005869690295,3737647
2024-12-30 21:56:22.401327,212.58362393778117,215.03215514668867,207.8914691141102,210.76630340370247,4485082
2024-12-31 21:56:22.401327,209.00975190741275,214.2999345073251,208.01443114595136,209.6463423760914,6958724
2025-01-01 21:56:22.401327,204.09236615651935,205.13195959802636,200.84710657040836,203.3038268397918,6566102
2025-01-02 21:56:22.401327,202.9420456813059,203.32142274545885,200.88006286211015,201.906136545681,5639005
2025-01-03 21:56:22.401327,208.13827272008717,211.3929724863595,203.95281836865288,206.4996907187839,5732849
2025-01-04 21:56:22.401327,213.04517768926485,217.88115052118522,210.28761488286648,212.93446355768128,8741943
2025-01-05 21:56:22.401327,213.05892280069622,214.6805523406435,210.70974025594904,213.40702399902224,9521815
2025-01-06 21:56:22.401327,213.98799376850909,217.0724272503405,210.2634584971388,211.9304443388744,2836908
2025-01-07 21:56:22.401327,212.00252808746936,213.09330578585897,207.75122046279546,211.93198730950309,6737303
2025-01-08 21:56:22.401327,214.86983317651791,217.6378593298827,210.46509175868204,214.77820758603107,4601394
2025-01-09 21:56:22.401327,211.67174135874467,213.79338321676104,208.05804482442426,209.61895778279373,1003089
2025-01-10 21:56:22.401327,218.32439818074212,221.47097809156233,214.76030570021308,216.52805183907046,3479493
2025-01-11 21:56:22.401327,218.7343861918328,218.89028344924301,215.43145485641634,216.9750834286545,4032945
2025-01-12 21:56:22.401327,215.8058328818807,219.6343035831374,214.6328464330931,216.0364974287575,2302165
2025-01-13 21:56:22.401327,218.4179964899054,221.64115784918022,218.33001951688436,220.00119251418513,3920320
2025-01-14 21:56:22.401327,217.9274110062373,223.27171717154454,215.6716760078106,219.26024997102397,1828104
2025-01-15 21:56:22.401327,216.53384699591112,220.86987779707107,212.15655892118966,217.56768363994604,5920402
2025-01-16 21:56:22.401327,218.2952900521124,219.6302227414267,214.32732890737952,217.04001875499122,6176343
2025-01-17 21:56:22.401327,213.23532059996214,218.34875122097597,210.5405593520363,214.36522142682838,5120745
2025-01-18 21:56:22.401327,217.8298451773821,220.59427278502199,213.509255424169,216.60657113089403,1970780
2025-01-19 21:56:22.401327,218.76403664453878,218.76406715621718,214.77391975540687,216.7278079670542,5882465
2025-01-20 21:56:22.401327,217.77386448797301,220.8571277166298,213.84930058903072,216.36685121818118,1789514
2025-01-21 21:56:22.401327,221.57183267557278,223.3434258541876,216.02138484673597,221.00258836122157,5739290
2025-01-22 21:56:22.401327,212.286914980103,218.9360431958032,209.1986037657813,214.41823129691517,9837875
2025-01-23 21:56:22.401327,223.29491904618382,225.09002442259342,217.28032256921676,222.0879004892008,8678424
2025-01-24 21:56:22.401327,226.02131580076872,229.12332969441152,221.57788537740802,227.2271367245689,6136876
2025-01-25 21:56:22.401327,229.7203544066503,233.62583657969162,227.69640969913794,229.5479554831024,5421426
2025-01-26 21:56:22.401327,236.14380715908558,238.51290257709417,233.66814019064267,235.05021661355502,5449856
2025-01-27 21:56:22.401327,234.2129027066367,239.64134940458064,233.28167861216505,234.82460702312642,1474020
2025-01-28 21:56:22.401327,229.86545738788047,234.77204971765642,228.09153150288338,230.15216461908793,7918338
2025-01-29 21:56:22.401327,232.960058278095,236.43930356359414,231.69468866972161,233.26623574873796,7941124
2025-01-30 21:56:22.401327,231.47422092221896,235.30945200032127,230.3754157500148,232.08629298252484,5836748
2025-01-31 21:56:22.401327,231.91400582033992,232.49305046249867,227.08355862006138,230.1469301336288,3959177
2025-02-01 21:56:22.401327,227.73921372484142,229.1290498107018,221.06989690239848,226.0214758558214,9355336
2025-02-02 21:56:22.401327,226.44416793618353,228.6590285761537,223.9574135313557,226.35910937443256,8318927
2025-02-03 21:56:22.401327,236.751352489542,238.9613479063413,230.3046252504129,235.22882522522372,5216027
2025-02-04 21:56:22.401327,228.40064419060502,233.49835189682457,224.1318198637673,229.68521445234668,4959523
2025-02-05 21:56:22.401327,235.7080351103257,241.6699354665319,230.96791185797468,235.85014270459484,4511528
2025-02-06 21:56:22.401327,232.53951808126018,233.70881945393162,226.5224687575021,230.9764976805847,4905007
2025-02-07 21:56:22.401327,223.5800962896887,226.56979366071633,219.48511360284698,222.06422459242768,4211820
2025-02-08 21:56:22.401327,222.50082699893852,228.95862491695414,220.54914514597877,224.3997790855763,1555915
2025-02-09 21:56:22.401327,224.91044760608403,226.7384585661157,221.82051584641565,224.78571475901137,2590096
2025-02-10 21:56:22.401327,221.78450233707193,223.69271695915396,216.65222058222497,221.61439799430642,2306401
2025-02-11 21:56:22.401327,221.77103763589557,225.16820307720636,220.35907311423327,221.97103320343953,7441293
2025-02-12 21:56:22.401327,223.11652606447427,229.87286086895335,219.7741398883665,224.74516813056076,5962781
2025-02-13 21:56:22.401327,220.2201110800454,223.68291850695238,216.2082508886358,220.20731357041333,6381420
2025-02-14 21:56:22.401327,218.31894022223457,225.61548228737394,217.2348691223345,220.12391429011538,1649148
2025-02-15 21:56:22.401327,215.3652778575966,216.37242783615423,212.46159631704907,213.84893996656783,6489918
2025-02-16 21:56:22.401327,218.61434077836117,223.66065075869884,216.70369670008958,219.35665428495116,1008731
2025-02-17 21:56:22.401327,222.79392561666018,222.90253425922344,219.17303884975354,221.18433115981827,8980457
2025-02-18 21:56:22.401327,222.47662095722902,222.85919000702228,219.12472249101722,220.67680060749382,1632349
2025-02-19 21:56:22.401327,225.4641150731145,229.0838177960488,221.98676573157655,224.76521183404626,3638121
2025-02-20 21:56:22.401327,213.11605623260007,219.8144968335821,213.62696804105263,214.88452858900294,9075688
2025-02-21 21:56:22.401327,209.56162564292998,212.4696514138091,208.8693596736343,210.88158832536152,2604351
2025-02-22 21:56:22.401327,210.9297333174343,215.76787010266014,211.13355864792916,212.7531058235792,4612515
2025-02-23 21:56:22.401327,210.39370966514318,213.5486700394322,209.34964765200758,210.8422516701443,3901210
2025-02-24 21:56:22.401327,212.81450528215734,215.96965910488925,211.59783679002044,213.26378931919857,1202687
2025-02-25 21:56:22.401327,218.56559190244576,224.39162414318483,214.66927514181498,219.7295378519066,5697906
2025-02-26 21:56:22.401327,221.0150470224299,225.93137291953303,219.21249451440804,221.35155071172773,4430595
2025-02-27 21:56:22.401327,220.4504332312925,224.74328128490578,218.5742700548071,220.97304305658523,3754465
2025-02-28 21:56:22.401327,228.73997728930712,231.77491281114874,223.92783889971216,226.75619915926836,4980606
2025-03-01 21:56:22.401327,225.05873526090514,228.2585136590807,219.42944536181506,224.42084217096678,9075533
2025-03-02 21:56:22.401327,229.98088088256875,233.05886007854045,225.6970108164478,229.97553956235586,2518252
2025-03-03 21:56:22.401327,225.5835110178913,231.8084621213339,225.26745858903809,227.41175751450427,6846235
2025-03-04 21:56:22.401327,227.85251020715359,234.487670579258,227.95882394558814,230.00545388147913,5397214
2025-03-05 21:56:22.401327,231.76453281429335,233.6262390192138,226.87435558785168,230.3723497054578,4841723
2025-03-06 21:56:22.401327,231.94233221802057,237.0582044352421,228.4438457346188,232.86633091908394,3627703
2025-03-07 21:56:22.401327,230.67507578795116,234.90296387749072,227.72332337572203,230.54519901220726,4896797
2025-03-08 21:56:22.401327,230.30361053833437,233.92804038071233,228.65683394199786,232.14613963032818,2710910
2025-03-09 21:56:22.401327,226.19857091404518,231.5198081761573,224.515755581255,227.2552340563368,9596231
2025-03-10 21:56:22.401327,227.2313651093498,227.88654069439872,220.1729480961615,225.7028032572139,5022385
2025-03-11 21:56:22.401327,222.9601056729246,226.03035998349714,218.94900597967543,223.52367762319952,2687775
2025-03-12 21:56:22.401327,228.12375702767412,231.31495833115363,225.6908251841025,227.65719326696464,3518254
2025-03-13 21:56:22.401327,222.67210360756783,226.90962758457425,220.17259350567343,224.8879664973187,3904738
2025-03-14 21:56:22.401327,227.45020320596083,233.16901180107126,226.1302533190035,228.13200429638897,6617918
2025-03-15 21:56:22.401327,233.7963577900703,235.76513461792734,227.66848114895086,232.19380399597114,6520341
2025-03-16 21:56:22.401327,222.1820977450586,227.56949625491438,220.25923772817262,222.59590064802214,6676802
2025-03-17 21:56:22.401327,225.39200873773805,227.75073482911313,222.14027044328628,223.9479119316505,2722200
2025-03-18 21:56:22.401327,228.7051546060461,230.04426139473284,227.30837873048617,228.60052562627422,1174772
2025-03-19 21:56:22.401327,240.18008655392828,242.29767972648733,235.51510668628433,238.44231615627754,9367199
2025-03-20 21:56:22.401327,244.8138576975027,245.28591765815708,242.01285594150525,243.86069750710223,3185125
2025-03-21 21:56:22.401327,240.76035721117503,246.46183252504176,239.4950456322675,241.94079145285957,2023432
2025-03-22 21:56:22.401327,244.9821535412913,248.17677790693037,239.71351498782218,245.62762734268793,9284832
2025-03-23 21:56:22.401327,250.0411778755111,253.95871115484027,249.5245747575762,251.39329705747514,5040173
2025-03-24 21:56:22.401327,246.09492453052337,248.17877704424572,240.01947889450605,245.9327374813634,2619763
2025-03-25 21:56:22.401327,245.09065614773007,250.69082421345436,241.77564022741745,245.4871265931881,1425286
2025-03-26 21:56:22.401327,248.90776577919647,251.62598910309814,245.04879913345903,249.41618019775794,7582049
2025-03-27 21:56:22.401327,250.7325099992457,252.97644444411463,247.79719677174333,249.66168820735993,4243874
2025-03-28 21:56:22.401327,253.30726558949678,258.3891296288926,247.7027816384957,252.95972400191152,9710353
2025-03-29 21:56:22.401327,258.930077162954,264.81234057567156,255.04342966976188,260.46243400935856,8434847
2025-03-30 21:56:22.401327,264.58242325237785,272.7064033026337,262.86292043154657,266.6421669538565,9373156
2025-03-31 21:56:22.401327,261.73236457816324,263.160774400179,258.59352500605667,260.13248953224405,7287303
2025-04-01 21:56:22.401327,264.9695759898131,267.3617507565038,259.43906832526346,264.36370639193046,4514245
2025-04-02 21:56:22.401327,262.66107894208625,263.2395295457106,255.38115894667183,261.749737872371,6320755
2025-04-03 21:56:22.401327,271.3967405236052,274.32224976029823,263.93091944061126,269.32509838408475,4623892
2025-04-04 21:56:22.401327,269.1816288979994,277.3872298674292,265.9211861918338,270.8786933531507,3094849
2025-04-05 21:56:22.401327,269.40459738425534,272.82013026968673,261.65912426329203,266.9303281419718,6332300
2025-04-06 21:56:22.401327,254.45758402579108,257.67789982009333,250.34440045483782,255.23025554900866,7955743
2025-04-07 21:56:22.401327,258.64704093937246,259.5027871422027,255.739054663686,257.60636453276294,7534569
2025-04-08 21:56:22.401327,267.9906548684221,268.91355002229255,263.37137234221575,266.0937205079448,9630557
2025-04-09 21:56:22.401327,258.95200396179104,261.94117625640763,255.70497958822045,258.7885733308854,8783193
2025-04-10 21:56:22.401327,268.1969107433698,271.7369947161542,261.5636937202554,265.9322896245652,3236231
2025-04-11 21:56:22.401327,269.8212107388738,277.4646570092632,266.5517174919802,272.27798363672514,3443113
2025-04-12 21:56:22.401327,271.93592576309027,275.69952693659064,268.3965352286874,271.3551370656568,3347726
2025-04-13 21:56:22.401327,267.99188438873995,269.71781728234424,264.3124537756533,265.7695077135339,5331325
2025-04-14 21:56:22.401327,265.8568834106813,274.3948309762767,265.9358530980156,267.75330667363255,1991955
2025-04-15 21:56:22.401327,259.5240358590438,261.7617320023364,252.2770843734329,258.0629958341376,9727988
2025-04-16 21:56:22.401327,255.75359057782072,259.0590632213259,254.58589337684998,256.2178275161709,5210894
2025-04-17 21:56:22.401327,262.05492404338145,267.12321689457224,255.87510010335552,260.8689916171885,3459605
2025-04-18 21:56:22.401327,267.25317153835834,269.49488103491035,263.3245793016607,266.76723226688387,3795710
2025-04-19 21:56:22.401327,262.0299680056365,270.05440903377723,261.6505853050104,263.73288930986786,3605553
2025-04-20 21:56:22.401327,251.74836765491844,258.3792719247635,251.68505196121734,254.23816718704694,5221243
2025-04-21 21:56:22.401327,251.9772349023162,254.9063958221528,250.1678215085139,251.83810062035434,6991556
2025-04-22 21:56:22.401327,256.59315141732566,261.16518585907045,254.8400595952024,256.93611133798197,1357548
2025-04-23 21:56:22.401327,267.8791675795649,270.89709589198077,264.3039070497288,267.07083778742145,5076485
2025-04-24 21:56:22.401327,261.48719401980566,265.2735885655013,258.19820045555264,263.71345390250633,6085288
2025-04-25 21:56:22.401327,266.30171692285256,267.1958693846443,259.08462931297817,264.14090562730354,2006052
2025-04-26 21:56:22.401327,268.08619493319276,272.6237469094512,262.0811806324368,266.94792366556874,3579277
2025-04-27 21:56:22.401327,271.03104901397705,278.66875287552216,269.23022774766406,272.32622387340217,8680630
2025-04-28 21:56:22.401327,277.0851196026266,278.9254200482425,270.3571019620422,277.2157369763848,6749215
2025-04-29 21:56:22.401327,273.3857191524313,278.249694710818,270.9049443323129,272.5191057648185,6662912
2025-04-30 21:56:22.401327,268.2568941988252,272.00181179531853,264.68831896702187,269.6875741516596,9894999
2025-05-01 21:56:22.401327,259.0669230619004,264.16128685232866,257.704880561784,260.27051452545015,3776285
2025-05-02 21:56:22.401327,257.50835751587994,259.2358057093762,251.4127314702669,257.83477213995667,4767476
2025-05-03 21:56:22.401327,254.3092657307714,258.39779561860325,253.14156793450348,254.69293226492363,2972548
2025-05-04 21:56:22.401327,257.08987823940845,263.67537452828776,256.7527349361377,258.9748535950315,4396212
2025-05-05 21:56:22.401327,254.57418646384383,260.6947573622806,250.65386685071613,256.3204078179127,8336282
2025-05-06 21:56:22.401327,262.3122826900117,264.0173826698037,256.9404503239461,260.63393728321006,8681331
2025-05-07 21:56:22.401327,266.67988332882874,270.6131573581664,262.2211555710484,266.4283168313144,5944083
2025-05-08 21:56:22.401327,260.4479301821621,268.97549364033995,259.7075431667276,262.98376413003217,9612570
2025-05-09 21:56:22.401327,264.3245350339132,272.1035540038678,263.28474612631413,266.0397182530993,9491421
2025-05-10 21:56:22.401327,273.42395713466857,278.53489743019765,265.9725147231486,272.47410548344516,9592269
2025-05-11 21:56:22.401327,278.3999964934136,280.90053551537324,274.45933077387554,279.0737695738081,5882803
2025-05-12 21:56:22.401327,275.7670528689269,277.5358841446401,270.3341585128041,275.9620831610026,9954207
2025-05-13 21:56:22.401327,271.8183305608086,279.61881371538004,270.7224210039621,273.0520664442586,2695744
2025-05-14 21:56:22.401327,266.23133264538404,268.095434493999,260.82010967981523,265.13090670210545,3761183
2025-05-15 21:56:22.401327,256.2040003834117,258.4980041403297,253.41947028363927,255.8547326423653,6960214
2025-05-16 21:56:22.401327,256.24340194219786,257.3995398605302,248.29760868587235,254.47838520259984,7327124
2025-05-17 21:56:22.401327,255.4714306439992,258.5583447898,252.462671923006,254.45876388835293,6619415
2025-05-18 21:56:22.401327,253.97404603155167,255.85792593928673,251.95387888139075,254.51704320847273,4703812
2025-05-19 21:56:22.401327,251.8883287687666,254.59321686326513,250.0754381318973,252.9482494023193,9738536
2025-05-20 21:56:22.401327,250.55768229860317,259.1897446619086,251.53928751195784,252.90784206211922,1790943
2025-05-21 21:56:22.401327,260.49179078486355,262.270305611549,256.07375617012696,258.35741933023337,8501707
2025-05-22 21:56:22.401327,254.04760308244195,260.2819857758129,252.88534641860832,255.6480536518517,7981299
2025-05-23 21:56:22.401327,264.7969962860881,267.562690725434,262.09492805369666,264.36902754837615,5174496
2025-05-24 21:56:22.401327,266.9855094236537,271.72533748226357,263.6372892342229,266.13604934870733,1151296
2025-05-25 21:56:22.401327,273.40661734044363,280.99838342768703,273.2904341429324,275.65860522197465,7334931
2025-05-26 21:56:22.401327,279.5617328073584,279.7179315321403,272.30953028501074,276.9964701422713,8132244
2025-05-27 21:56:22.401327,275.92709156147754,276.85783835873707,267.9336657791396,273.9960283667484,3642140
2025-05-28 21:56:22.401327,274.39172340017706,280.1676602999026,271.48973083496173,274.1407340761901,1192123
2025-05-29 21:56:22.401327,266.1413947332008,270.1688546222928,263.9967228392676,266.8763051585178,9514918
2025-05-30 21:56:22.401327,265.1184980190229,266.88543616567983,259.01673155353234,264.96218832581457,2098262
2025-05-31 21:56:22.401327,270.5920558955603,269.9759770159959,264.8464382189372,268.48602570581136,9061851
2025-06-01 21:56:22.401327,276.43496978351396,279.3013916146127,273.5567988930558,276.2685797524438,6055115
2025-06-02 21:56:22.401327,277.4245191691555,283.18600539625993,272.7234890948282,278.68426279632945,4435690
2025-06-03 21:56:22.401327,275.27251786301105,280.9445264896555,271.2170604548181,277.73303677927925,3048460
2025-06-04 21:56:22.401327,276.66011928489377,280.8624601617538,272.16604129092667,278.2032988238396,2975584
2025-06-05 21:56:22.401327,275.2210864000009,277.358334667603,270.7889084837314,275.5643857881366,4246228
2025-06-06 21:56:22.401327,272.9260628098639,278.66694425160375,272.027429176098,275.27859952456686,4784262
2025-06-07 21:56:22.401327,273.7470257696697,280.17718587219554,269.5501469225444,274.4823662974877,7481340
2025-06-08 21:56:22.401327,277.78734672637364,278.3357135585769,271.920072280656,276.3198253716072,1902940
2025-06-09 21:56:22.401327,275.62332488569575,279.7531246941993,271.61776870371193,273.2103899168404,6052200
2025-06-10 21:56:22.401327,283.62222228866403,287.42421392564523,279.4590415910671,282.04430601026365,8578341
2025-06-11 21:56:22.401327,278.40995989687855,282.0185264448928,274.7865726201403,278.892843232192,3965565
2025-06-12 21:56:22.401327,274.4910479583725,282.2116994602674,272.5013355746626,275.39749815328724,8859766
2025-06-13 21:56:22.401327,265.15794388630076,268.4910237343719,260.6522652741722,266.9694304060315,6880953
2025-06-14 21:56:22.401327,265.1285399705056,271.7162273138879,263.3964430642328,266.3550762891605,3094320
2025-06-15 21:56:22.401327,268.0707780357458,269.7005404126482,262.7472719342929,267.53783025201,3155646
2025-06-16 21:56:22.401327,272.5074083299218,276.471729991464,266.0254236826561,270.9995007175468,8424304
2025-06-17 21:56:22.401327,268.06196355582574,272.22964759762544,267.3571216653393,270.7568056254509,4256129
2025-06-18 21:56:22.401327,269.5976234164825,275.37293863736403,263.77827259001793,270.1242067826006,3148582
2025-06-19 21:56:22.401327,272.2361752282001,273.9860209149318,268.8066716856848,270.46788233392215,2686882
2025-06-20 21:56:22.401327,266.45425665316674,270.4756740004312,263.70771265821526,266.2502269502012,9679122
2025-06-21 21:56:22.401327,266.3149066981815,272.1706639433249,264.7987950567988,267.26353156377087,7760585
2025-06-22 21:56:22.401327,275.5920688046805,278.4688753674264,267.2997153214862,273.01549309550194,2432997
2025-06-23 21:56:22.401327,273.6693464287871,279.273721817785,270.3076292928482,275.1986385372154,9009043
2025-06-24 21:56:22.401327,269.69512697628,273.06195361864144,263.0674109134498,268.22733877407177,7108763
2025-06-25 21:56:22.401327,281.50811676979544,282.59536015617493,273.51998317685263,279.2006655046846,6575222
2025-06-26 21:56:22.401327,271.96215324562394,273.73654407257874,265.45160078749166,272.1298854709015,1687855
2025-06-27 21:56:22.401327,278.62495415396666,282.6455180111877,276.37855003532917,279.4701709971554,8997181
2025-06-28 21:56:22.401327,277.27843880313225,279.5101857662294,274.59232637337715,276.66794075940885,1198640
2025-06-29 21:56:22.401327,280.2260784589182,282.8437997011055,276.066663006122,279.2754388283762,4110888
2025-06-30 21:56:22.401327,286.7342914658798,288.4696002921963,282.56388953462374,284.7066042933527,9766054
2025-07-01 21:56:22.401327,286.6970645851896,285.6186453683391,281.58719270007816,283.8689431685507,8543531
2025-07-02 21:56:22.401327,282.97969634658887,282.51943968199146,273.73226994923624,280.49128441090846,7046973
2025-07-03 21:56:22.401327,293.7688508190495,296.2560678800822,289.0931782389811,293.4665142179498,1885458
2025-07-04 21:56:22.401327,307.54586294577655,311.18127708563753,302.71316247039334,305.4944746602668,6421831
2025-07-05 21:56:22.401327,307.8391357225769,312.1529785368443,302.71205526611845,307.6879466082745,6492093
2025-07-06 21:56:22.401327,299.7063103161923,303.4783125303709,299.40288306714007,301.8689000756662,7379003
2025-07-07 21:56:22.401327,295.61860567417045,296.4469182765914,287.4173109712273,292.9985435514139,8332188
2025-07-08 21:56:22.401327,286.2152821988516,287.95436600457975,280.04495357151404,283.5140226718124,9004087
2025-07-09 21:56:22.401327,287.91863266550104,292.6370010943535,284.0610123929627,285.77289212359364,2328662
2025-07-10 21:56:22.401327,286.2199164500817,291.9537486837888,282.858465795052,287.3874381522202,5068639
2025-07-11 21:56:22.401327,296.1225267952028,305.1164430115569,293.18459974359456,298.54834106025527,9242536
2025-07-12 21:56:22.401327,309.45858484377555,314.55072631286123,304.0891107550048,308.5519509271083,8268243
2025-07-13 21:56:22.401327,305.9423714576595,310.08180122455155,304.3591432410142,307.80024860573826,3213322
2025-07-14 21:56:22.401327,304.3067055773205,310.57947128070714,300.4809525912625,304.1377995535818,3480370
2025-07-15 21:56:22.401327,313.17109016611965,313.0577713316842,308.2075156166645,310.56823119200175,8349336
2025-07-16 21:56:22.401327,302.3438702650201,308.54578702320117,299.00959424214636,301.87242000082074,2286814
2025-07-17 21:56:22.401327,309.3491642634325,316.4995965830363,302.82743918247513,310.50549572614335,9022773
2025-07-18 21:56:22.401327,300.24279762457377,305.0114886992445,298.3240521216077,302.79938726801515,4498611
2025-07-19 21:56:22.401327,299.66477817987834,303.36353775479415,292.1333466203638,299.30910731737646,6826001
2025-07-20 21:56:22.401327,293.00939285140515,296.17236583312496,290.86878518009684,294.6442348155482,5123065
2025-07-21 21:56:22.401327,298.46689173947567,302.2594975566172,294.0254795869408,297.7458660755428,3139382
2025-07-22 21:56:22.401327,293.99714611686,298.89982199802284,291.60858509061046,296.23466709506715,9910511
2025-07-23 21:56:22.401327,294.83742879398767,299.6948757391181,290.30579294993635,296.9299654521504,9030890
2025-07-24 21:56:22.401327,296.81287789415023,301.62896780820785,292.7068547336601,299.0888455194072,1955547
2025-07-25 21:56:22.401327,301.4201336384785,304.5404147763363,298.05453261894417,302.8353160092895,5501421
2025-07-26 21:56:22.401327,303.39688980089153,305.86458570693526,294.2923277764995,301.43717481036725,8420466
2025-07-27 21:56:22.401327,302.8712070201175,304.00441477130573,295.18776550450144,300.315326255481,8987438
2025-07-28 21:56:22.401327,298.7674399201808,303.59010976967124,292.8557081996252,298.36727701348246,4009460
2025-07-29 21:56:22.401327,295.7552878796521,299.938276498073,291.52263842896093,298.15715678870254,5884298
2025-07-30 21:56:22.401327,307.9975096478993,308.288558779322,299.9045798456898,306.72302283700236,1903689
2025-07-31 21:56:22.401327,305.8326155273244,309.06653594622725,300.5133446749014,306.10007354182744,4831940
2025-08-01 21:56:22.401327,309.9929436983642,309.4934833502042,303.76602397788815,307.2731413375709,4569833
2025-08-02 21:56:22.401327,310.6884370561884,317.7544801592532,308.83709783607725,312.57214108262735,6989220
2025-08-03 21:56:22.401327,309.9538028355704,317.5629031010685,305.7043299052522,312.25777975416787,6976507
2025-08-04 21:56:22.401327,325.73815180417483,330.9758011769403,319.8673820477532,324.20221474372005,7481171
2025-08-05 21:56:22.401327,319.08642112976605,321.47554940225314,311.22497858665383,317.55598548522295,2616353
2025-08-06 21:56:22.401327,311.39594804887787,320.2729032680818,311.1876161868822,314.2201994175517,7533040
2025-08-07 21:56:22.401327,309.8357968527828,315.00164363564596,310.07934199480786,311.83336539255924,9343643
2025-08-08 21:56:22.401327,313.2124577256492,312.6674099907475,303.9700828168994,310.16493252494143,8633492
2025-08-09 21:56:22.401327,304.8588118654718,310.91835609424237,297.4170519040753,303.78612759712144,1888615
2025-08-10 21:56:22.401327,296.92950172638706,304.25036575604844,293.7171353790086,297.1011347210108,1324657
2025-08-11 21:56:22.401327,296.78717201620464,303.8147810692687,291.2344949969397,297.60997945733226,8055089
2025-08-12 21:56:22.401327,310.84377139076025,317.79631333276785,303.85699132933536,311.15931561291137,2853055
2025-08-13 21:56:22.401327,317.115663562208,316.95209734676183,309.9203925277476,314.83573239458536,1662184
2025-08-14 21:56:22.401327,316.82891174483177,323.20459620271174,312.70369556527834,319.5688219834824,3948103
2025-08-15 21:56:22.401327,330.33786471025206,332.99276354096867,322.38443534047855,330.47365274908526,1210618
2025-08-16 21:56:22.401327,342.5912959837944,346.3659620177225,338.2771734679779,343.51082386948696,1448165
2025-08-17 21:56:22.401327,349.0556903742355,353.29090616361333,343.60899481492726,346.77796944799434,9719910
2025-08-18 21:56:22.401327,353.9350363496131,363.4461528762977,348.5910540388275,357.0827684958625,3914184
2025-08-19 21:56:22.401327,344.18260443609233,345.6555026281121,336.03185680056805,343.43113380398825,7296493
2025-08-20 21:56:22.401327,339.9034020862872,345.123009516225,336.7512652171314,340.8989778488918,3071719
2025-08-21 21:56:22.401327,347.66542024347063,354.809455229143,343.15341831497284,350.34859338970114,5787329
2025-08-22 21:56:22.401327,344.2287126824122,346.5797183946723,335.1113439995345,341.3887550060832,6964673
2025-08-23 21:56:22.401327,340.9208098593599,340.7149203029842,331.6894504530047,337.76085164214516,2935161
2025-08-24 21:56:22.401327,334.08910990897397,339.7372638193336,327.32393187465453,332.41224676437895,1783604
2025-08-25 21:56:22.401327,329.22423409958805,330.86162361024526,321.54897220978444,326.7706700216376,2343952
2025-08-26 21:56:22.401327,333.90324018922917,339.0972760973373,329.6809535836324,333.93017865928033,3050843
2025-08-27 21:56:22.401327,350.8150787372737,352.26137766649094,344.9477076618584,350.3681813361468,3638446
2025-08-28 21:56:22.401327,347.9976544419132,356.0749331241955,347.06233136120335,349.7452936704657,7694052
2025-08-29 21:56:22.401327,348.132020920151,354.17276528869047,343.339860807477,350.254697252729,6427614
2025-08-30 21:56:22.401327,345.4586268739279,356.8673124065815,341.3793932298587,348.3594170881483,6166909
2025-08-31 21:56:22.401327,356.28290613460945,355.2412081324959,344.89571161441575,353.36148318036,1600203
2025-09-01 21:56:22.401327,359.5088935968238,359.59011576825026,352.90214895968137,356.6206411579703,2047259
2025-09-02 21:56:22.401327,351.7412323656049,359.18295586290185,348.47332191998606,354.0461021983077,3418779
2025-09-03 21:56:22.401327,351.5016251166394,354.5556451363835,346.1921910401694,351.3976987995208,4736129
2025-09-04 21:56:22.401327,337.5881872707732,345.27609300714096,334.40657781208205,337.8469593586402,5748854
2025-09-05 21:56:22.401327,349.97415275005596,350.8148310136343,345.59317905502576,348.8089791370144,6972748
2025-09-06 21:56:22.401327,344.57791323015203,351.4700497670113,337.3113426690821,344.36990515458757,3071777
2025-09-07 21:56:22.401327,342.8923209451843,345.0894329998005,338.15675558409174,342.3749265087456,4296509
2025-09-08 21:56:22.401327,344.350464798179,348.95124345646593,336.4462401429162,342.12843744937334,5228580
2025-09-09 21:56:22.401327,342.79065030990625,350.42610249903197,341.4567101933756,343.5477594163424,6542159
2025-09-10 21:56:22.401327,336.9632340769993,346.01937991666557,330.3480500788613,338.7049096170391,1247370
2025-09-11 21:56:22.401327,338.7513724492471,344.45000908945207,332.68092606618484,338.4043113779555,6852811
2025-09-12 21:56:22.401327,347.01335988137697,358.93542843003587,342.4240845847281,350.19295373614517,4561841
2025-09-13 21:56:22.401327,366.53369454758655,375.17000406801606,360.55295066479283,368.1642369972035,8695133
2025-09-14 21:56:22.401327,367.2459477153199,371.2017554566849,362.6160543833014,365.5458260733619,1364798
2025-09-15 21:56:22.401327,365.03351792276936,369.0863435511543,357.7471968374111,365.49803331865496,4782251
2025-09-16 21:56:22.401327,371.1352630031911,377.7383412829087,368.23473520166993,370.1753705466535,2067063
2025-09-17 21:56:22.401327,372.15881529588677,376.41663909297637,362.3532460415713,370.00717000106505,6837187
2025-09-18 21:56:22.401327,365.2517147718472,377.0657790557126,362.9355818112831,368.2703094508186,8791991
2025-09-19 21:56:22.401327,365.00282290650375,369.89878592871264,356.3060755176023,365.02446704288116,6352942
2025-09-20 21:56:22.401327,366.96627490124297,375.35467839153785,357.6521163026715,366.3627925610213,4142957
2025-09-21 21:56:22.401327,377.0144972786397,386.7080128235218,372.9292337416383,380.3862170999478,5227124
2025-09-22 21:56:22.401327,373.5358894293762,375.7543929475531,370.6397484362263,372.7920587764372,2829733
2025-09-23 21:56:22.401327,374.52108551373345,386.3808623576542,370.542024456547,377.1388726906472,6648863
2025-09-24 21:56:22.401327,376.56329392264087,378.2327422242535,370.6716634938589,374.5951005154281,9458895
2025-09-25 21:56:22.401327,374.74970049960086,382.5174510623148,371.2677751664487,374.5095561038419,5682677
2025-09-26 21:56:22.401327,364.7312247844711,370.0312484340711,359.8500293844142,367.0547423294029,3761642
2025-09-27 21:56:22.401327,370.54269746564063,375.2388012035778,365.0449694756256,369.3643070270492,6580682
2025-09-28 21:56:22.401327,375.64305344029526,383.1675390582217,372.4299937378112,377.17488717007353,6879521
2025-09-29 21:56:22.401327,395.25974213505623,404.03665573581895,390.6143557966767,394.285884084683,2011379
2025-09-30 21:56:22.401327,387.80855286943444,394.57055203241873,386.59122019927776,390.4643705247569,4414978
2025-10-01 21:56:22.401327,392.11652439311337,400.3743288432695,385.3792047019379,393.08000538907567,2221794
2025-10-02 21:56:22.401327,393.5429783493915,399.40875987286796,381.95130623969976,390.94156608609137,9351300
2025-10-03 21:56:22.401327,390.76815014201924,396.71801901034024,389.3269329613391,392.52403185488777,3109111
2025-10-04 21:56:22.401327,395.82997263518104,397.64144809790304,386.944397484211,394.8306740330947,6267929
2025-10-05 21:56:22.401327,397.33128263799495,405.5191878522581,388.1822639326371,396.8781340396405,4287722
2025-10-06 21:56:22.401327,393.43822230680905,398.8781712642883,384.4007410512709,392.8727098422589,9490624
2025-10-07 21:56:22.401327,400.7711932366069,412.53288967505216,399.6244031639872,403.0671935087221,5493840
2025-10-08 21:56:22.401327,414.33315498242456,416.93006290457816,404.3708538342308,411.2792378805467,3598107
2025-10-09 21:56:22.401327,418.9802620079494,429.7394577069723,416.7419388821592,421.7449254810821,7760628
2025-10-10 21:56:22.401327,427.04462504962976,431.77719333392156,423.32873950167055,427.2432356995095,3294339
2025-10-11 21:56:22.401327,415.23034888496613,421.6315593064023,408.68496091172835,412.540291995028,9108375
2025-10-12 21:56:22.401327,433.3808304609114,437.21199483066687,429.5859718154946,432.0466741404378,7569406
2025-10-13 21:56:22.401327,436.75211739497536,442.07051442892976,434.774695033945,438.57597136355315,9612782
2025-10-14 21:56:22.401327,427.78862906997665,432.1165910918325,422.7516755483706,429.03640222441027,1757159
2025-10-15 21:56:22.401327,433.61556213277737,444.84953805807504,428.1574450891988,434.62754498049947,1543898
2025-10-16 21:56:22.401327,438.1643097509639,444.8013450760694,429.61481934169075,437.999003425159,9089794
2025-10-17 21:56:22.401327,434.0807980030792,437.3425985060122,427.78043593220565,433.75308487578803,2248067
2025-10-18 21:56:22.401327,449.4334346643559,449.1882149318004,435.82472668073314,445.31868539812973,4510961
2025-10-19 21:56:22.401327,443.76969605146184,447.65645313443133,438.25994958896507,444.1103403720944,1857370
2025-10-20 21:56:22.401327,434.37698944427416,444.26437333865283,433.4616527407659,438.39758950976676,5209175
2025-10-21 21:56:22.401327,420.2407249035711,424.6829862654527,412.35855227885224,421.74455782525075,2471334
2025-10-22 21:56:22.401327,436.12926827267324,446.05413569432113,434.6341530073868,439.2815894584228,7769489
2025-10-23 21:56:22.401327,439.1384610189949,449.3409778492258,432.13191715330885,438.8783845086198,7127997
2025-10-24 21:56:22.401327,435.7406494731714,444.1602053361476,429.9279682570308,434.87937036545105,6500064
2025-10-25 21:56:22.401327,414.01292564129545,421.11627951842763,408.4063173576571,414.7312813086096,6666147
2025-10-26 21:56:22.401327,412.7849974728785,416.73418098081106,410.36856817661794,413.48393978888777,5753446
2025-10-27 21:56:22.401327,406.313970005266,409.2378543696034,398.2012067767896,403.270916629453,4011616
2025-10-28 21:56:22.401327,403.4183918748825,412.75517274518313,399.5707659916713,406.7521440885709,6065417
2025-10-29 21:56:22.401327,411.28968548642507,419.77905887065947,401.4943309947246,411.3940956027769,2484970
2025-10-30 21:56:22.401327,408.26849467726686,407.7454417599647,402.7468514964957,405.30374117266985,6323878
2025-10-31 21:56:22.401327,423.5770450270715,427.5683380323362,415.0553428790296,421.4224753990338,5136912
2025-11-01 21:56:22.401327,419.11437906722193,425.8588977594868,410.0873958145162,419.69199572385435,7172775
2025-11-02 21:56:22.401327,409.89440743206416,411.1332713493768,398.6018617584879,407.9477674206234,6309527
2025-11-03 21:56:22.401327,408.27707108747194,413.4487809998977,402.464197949331,408.1047566281499,6494339
2025-11-04 21:56:22.401327,408.97475007462276,415.0200881763356,405.45730914555963,411.01407663210296,7569170
2025-11-05 21:56:22.401327,404.68795517739085,412.29982047726577,400.68111866911937,406.1952731404988,4439384
2025-11-06 21:56:22.401327,417.9410987859416,419.781722250866,413.1272024978687,415.920957251028,9129299
2025-11-07 21:56:22.401327,411.7579966392811,416.8943013579104,401.8824993445563,407.93536312945787,6460188
2025-11-08 21:56:22.401327,413.3312708075938,426.4974178549815,413.84909851641805,416.3471284370034,7995011
2025-11-09 21:56:22.401327,438.08129869487414,443.94613401830685,432.5037314015403,435.67807298862334,7754404
2025-11-10 21:56:22.401327,446.55858688273696,451.8044468459357,438.1051845714381,443.14795734530975,1621414
2025-11-11 21:56:22.401327,449.49706652285005,456.4055436599644,441.99657861892643,452.76369610252857,6372495
2025-11-12 21:56:22.401327,450.6630481576838,457.62122868368004,443.12385300747894,448.9523516840044,8991072
2025-11-13 21:56:22.401327,456.1758331764173,466.2620119535504,449.95194969116193,455.2862191822411,4923072
2025-11-14 21:56:22.401327,465.80466902716165,472.2577518654309,461.04724492522763,467.06330860218236,4067037
2025-11-15 21:56:22.401327,468.70885420099677,480.7313521789403,462.2262282620031,470.6825205067115,4330449
2025-11-16 21:56:22.401327,462.29873956476445,468.05895191456636,461.02364013208444,464.9933444345098,9858067
2025-11-17 21:56:22.401327,462.49938185093015,468.46979038958693,455.5862112508168,460.9828670427474,3311564
2025-11-18 21:56:22.401327,460.6999469199246,464.3874664540843,450.3072674802669,459.29374076443156,3742105
2025-11-19 21:56:22.401327,453.24973102218235,464.22872125261864,446.3712747455779,456.27405339017525,1473222
2025-11-20 21:56:22.401327,443.086013524603,451.7304237065201,439.8531569200397,443.3662986269624,9175887
2025-11-21 21:56:22.401327,425.5275204095209,431.65219885054734,422.919033051975,426.5140482040465,1800592
2025-11-22 21:56:22.401327,424.2648689556605,423.36389825541994,411.4922416161006,420.63978076764926,2596361
2025-11-23 21:56:22.401327,433.2553807962918,440.5894385336923,426.42751714853154,430.3423291264637,8207157
2025-11-24 21:56:22.401327,419.77824676129285,425.3810468361927,414.1021880673713,421.45719869493917,8742461
2025-11-25 21:56:22.401327,421.799906993631,425.11070585693403,414.78479014888404,419.6356199978459,4206767
2025-11-26 21:56:22.401327,425.60822568485855,434.8554334122814,417.7492488897503,426.45022396974264,1140454
2025-11-27 21:56:22.401327,414.83336253746523,417.8123224491526,411.9355620857434,414.99940939441717,3659281
2025-11-28 21:56:22.401327,402.73966689806963,413.05976997513727,398.42523965458133,406.5620391310949,2902295
2025-11-29 21:56:22.401327,405.19533064635226,409.48694666276697,395.6149202171777,401.7095690108629,1614554
2025-11-30 21:56:22.401327,405.2900815396628,407.7304414076257,402.58846012450954,404.92886550890825,7665721
2025-12-01 21:56:22.401327,403.18060781997616,408.5819887086428,401.7577405548028,404.90293608783725,5446737
2025-12-02 21:56:22.401327,403.9465580824582,409.1465932700414,400.57314144046256,405.6167665093283,8588603
2025-12-03 21:56:22.401327,407.2415757853999,408.17066182387435,395.31535756838144,405.3477281338069,2337608
2025-12-04 21:56:22.401327,398.2003350632179,404.0947478337266,395.88461656036077,401.52076783842216,6870292
